{"count":1,"gauges":{},"self":41.5292864,"total":43.314085,"children":{"AgentResetIfDone":{"count":2112,"self":0.023989999999999997,"total":0.023989999999999997,"children":null},"AgentSendState":{"count":2112,"self":0.0688973,"total":0.1108955,"children":{"CollectObservations":{"count":4224,"self":0.0419982,"total":0.0419982,"children":null}}},"DecideAction":{"count":2112,"self":1.2464716999999998,"total":1.4980149999999999,"children":{"RayPerceptionSensor.Perceive":{"count":4224,"self":0.25154329999999997,"total":0.25154329999999997,"children":null}}},"AcademyStep":{"count":2112,"self":0.0049997,"total":0.0049997,"children":null},"AgentAct":{"count":2112,"self":0.1449001,"total":0.1449001,"children":null}}}